{"cameraMode":{"drawMode":0,"name":"Shaded","section":"Shading Mode"},"sceneLighting":true,"audioPlay":false,"sceneViewState":{"showFog":true,"showMaterialUpdate":false,"showSkybox":true,"showFlares":true,"showImageEffects":true,"showParticleSystems":true},"in2DMode":false,"pivot":{"x":44.34856414794922,"y":-11.973873138427735,"z":20.8754825592041},"rotation":{"x":0.11632896214723587,"y":0.558073103427887,"z":-0.07940471917390824,"w":0.8178067207336426},"size":59.39220428466797,"orthographic":false}