{"cameraMode":{"drawMode":0,"name":"Shaded","section":"Shading Mode"},"sceneLighting":true,"audioPlay":false,"sceneViewState":{"showFog":true,"showMaterialUpdate":false,"showSkybox":true,"showFlares":true,"showImageEffects":true,"showParticleSystems":true},"in2DMode":false,"pivot":{"x":10.099803924560547,"y":-4.829151153564453,"z":-5.2027130126953129},"rotation":{"x":-0.1549379825592041,"y":-0.7546229958534241,"z":0.19208283722400666,"w":-0.6083105802536011},"size":19.836639404296876,"orthographic":false}