{"cameraMode":{"drawMode":0,"name":"Shaded","section":"Shading Mode"},"sceneLighting":true,"audioPlay":false,"sceneViewState":{"showFog":true,"showMaterialUpdate":false,"showSkybox":true,"showFlares":true,"showImageEffects":true,"showParticleSystems":true},"in2DMode":false,"pivot":{"x":-0.016944408416748048,"y":0.36122751235961916,"z":3.0670268535614015},"rotation":{"x":0.21468783915042878,"y":0.32548031210899355,"z":-0.07617957890033722,"w":0.9177512526512146},"size":7.553674697875977,"orthographic":false}